;FECHA;TEXT;Datestamp;TIME;WeekDay;Demora;Sinterrumpido;Snormal;SdemFG;Slimitado;Linea A;StandTime
0;2019-03-01;#LíneaA - Ya realiza su recorrido completo entre cabeceras. 13:29;2019-03-01 16:29:09;1900-01-01 16:29:09;Friday;False;False;False;False;False;True;16:15:00
1;2019-03-01;"⚠️ATENCIÓN USUARIOS⚠️
Por operativo policial en superficie.
#LíneaA - circula con servicio limitado entre las estac… https://t.co/WlxeiC8Xpg";2019-03-01 11:38:11;1900-01-01 11:38:11;Friday;False;False;False;False;True;True;11:30:00
2;2019-03-01;#LíneaA - Servicio limitado entre las estaciones Plaza Miserere y San Pedrito. 05:30;2019-03-01 08:30:58;1900-01-01 08:30:58;Friday;False;False;False;False;True;True;08:30:00
3;2019-02-20;#LíneaA - Ya realiza su recorrido completo entre cabeceras. 19:53;2019-02-20 22:53:40;1900-01-01 22:53:40;Wednesday;False;False;False;False;False;True;22:30:00
4;2019-02-20;#LíneaA - Servicio limitado entre las estaciones Acoyte y Plaza de Mayo. 19:39;2019-02-20 22:39:40;1900-01-01 22:39:40;Wednesday;False;False;False;False;True;True;22:30:00
5;2019-02-14;#LíneaA - Ya realiza su recorrido completo entre cabeceras. 08:31;2019-02-14 11:31:35;1900-01-01 11:31:35;Thursday;False;False;False;False;False;True;11:30:00
6;2019-02-14;#LíneaA - Servicio Limitado entre las estaciones Flores y Plaza de Mayo. 07:24;2019-02-14 10:24:34;1900-01-01 10:24:34;Thursday;False;False;False;False;False;True;10:15:00
7;2019-02-10;#LíneaA - Servicio limitado entre las estaciones Plaza de Mayo y Acoyte. 22:34;2019-02-10 01:34:56;1900-01-01 01:34:56;Sunday;False;False;False;False;True;True;01:30:00
8;2019-02-08;#LíneaA - Ya circula con su frecuencia normal. 06:31;2019-02-08 09:31:40;1900-01-01 09:31:40;Friday;False;False;True;False;False;True;09:30:00
9;2019-02-08;#LíneaA - Servicio con demora. 06:21;2019-02-08 09:21:40;1900-01-01 09:21:40;Friday;True;False;False;False;False;True;09:15:00
10;2019-02-08;#LíneaA - Reanuda su servicio y realiza el recorrido completo entre cabeceras. 06:18;2019-02-08 09:18:39;1900-01-01 09:18:39;Friday;False;False;False;False;False;True;09:15:00
11;2019-02-08;#LíneaA - Servicio interrumpido. 05:36;2019-02-08 08:36:39;1900-01-01 08:36:39;Friday;False;True;False;False;False;True;08:30:00
12;2019-02-05;#LíneaA - Los trenes ya se detienen en todas las estaciones. 15:07;2019-02-05 18:07:12;1900-01-01 18:07:12;Tuesday;False;False;False;False;False;True;18:00:00
13;2019-02-05;#LíneaA - Los trenes no se detienen en la estación Loria. 14:31;2019-02-05 17:31:11;1900-01-01 17:31:11;Tuesday;False;False;False;False;False;True;17:30:00
14;2019-02-03;#LíneaA - Ya realiza su recorrido completo entre cabeceras. 11:12;2019-02-03 14:12:46;1900-01-01 14:12:46;Sunday;False;False;False;False;False;True;14:00:00
15;2019-02-03;#LíneaA - Servicio limitado entre las estaciones Lima y San Pedrito. 09:52;2019-02-03 12:52:45;1900-01-01 12:52:45;Sunday;False;False;False;False;True;True;12:30:00
16;2019-02-01;#LíneaA - Ya realiza su recorrido completo entre cabeceras. 17:54;2019-02-01 20:54:20;1900-01-01 20:54:20;Friday;False;False;False;False;False;True;20:30:00
17;2019-02-01;#LíneaA - Servicio limitado entre las estaciones Perú y San Pedrito. 16:41;2019-02-01 19:41:19;1900-01-01 19:41:19;Friday;False;False;False;False;True;True;19:30:00
18;2019-02-01;@NicolasAlbendin @basubte Hola Nicolas. Te contamos que la #LíneaA opera en Plaza de Mayo en ambos andenes. Gracias… https://t.co/EPx3yNUeK1;2019-02-01 15:55:42;1900-01-01 15:55:42;Friday;False;False;False;False;False;True;15:30:00
19;2019-02-01;#LíneaA - Ya realiza su recorrido completo entre cabeceras. 10:45;2019-02-01 13:45:10;1900-01-01 13:45:10;Friday;False;False;False;False;False;True;13:30:00
20;2019-02-01;#LíneaA - Servicio limitado entre las estaciones San Pedrito y Río de Janeiro. 10:39;2019-02-01 13:39:09;1900-01-01 13:39:09;Friday;False;False;False;False;True;True;13:30:00
21;2019-02-01;#LíneaA - Circula con demora destino a San Pedrito. 10:34;2019-02-01 13:34:08;1900-01-01 13:34:08;Friday;True;False;False;False;False;True;13:30:00
22;2019-01-22;#LíneaA - Ya circula con su frecuencia normal. 19:05;2019-01-22 22:05:40;1900-01-01 22:05:40;Tuesday;False;False;True;False;False;True;22:00:00
23;2019-01-22;#LíneaA - Circula con demora. 18:40;2019-01-22 21:40:38;1900-01-01 21:40:38;Tuesday;True;False;False;False;False;True;21:30:00
24;2019-01-19;#LíneaA - Ya realiza su recorrido completo entre cabeceras. 11:48;2019-01-19 14:48:05;1900-01-01 14:48:05;Saturday;False;False;False;False;False;True;14:30:00
25;2019-01-19;#LíneaA - Servicio limitado entre las estaciones Plaza Miserere y San Pedrito. 06:52;2019-01-19 09:52:04;1900-01-01 09:52:04;Saturday;False;False;False;False;True;True;09:30:00
26;2019-01-17;#LíneaA - Ya realiza su recorrido completo entre cabeceras. 22:14;2019-01-17 01:14:48;1900-01-01 01:14:48;Thursday;False;False;False;False;False;True;01:00:00
27;2019-01-17;#LíneaA - Servicio limitado entre las estaciones Plaza de Mayo y Acoyte. 22:07;2019-01-17 01:07:47;1900-01-01 01:07:47;Thursday;False;False;False;False;True;True;01:00:00
28;2019-01-17;#LíneaA - Servicio limitado entre las estaciones Acoyte y Plaza Miserere. 21:44;2019-01-17 00:44:46;1900-01-01 00:44:46;Thursday;False;False;False;False;True;True;00:30:00
29;2019-01-17;#LíneaA - Servicio con demora. 21:41;2019-01-17 00:41:45;1900-01-01 00:41:45;Thursday;True;False;False;False;False;True;00:30:00
30;2019-01-13;#LíneaA - Reanuda su servicio y realiza el recorrido completo entre cabeceras. 17:23;2019-01-13 20:23:18;1900-01-01 20:23:18;Sunday;False;False;False;False;False;True;20:15:00
31;2019-01-13;#LíneaA - Servicio limitado entre las estaciones Plaza de Mayo y Loria. 16:19;2019-01-13 19:19:17;1900-01-01 19:19:17;Sunday;False;False;False;False;True;True;19:15:00
32;2019-01-13;#LíneaA - Servicio interrumpido. 16:04;2019-01-13 19:04:16;1900-01-01 19:04:16;Sunday;False;True;False;False;False;True;19:00:00
33;2019-01-11;#LíneaA - Los trenes ya se detienen en todas las estaciones. 21:55;2019-01-11 00:55:58;1900-01-01 00:55:58;Friday;False;False;False;False;False;True;00:30:00
34;2019-01-10;#LíneaA - Los trenes no se detienen en Congreso. 18:22;2019-01-10 21:22:56;1900-01-01 21:22:56;Thursday;False;False;False;False;False;True;21:15:00
35;2019-01-04;#LíneaA - Ya circula con su frecuencia normal. 17:31;2019-01-04 20:31:00;1900-01-01 20:31:00;Friday;False;False;True;False;False;True;20:30:00
36;2019-01-04;#LíneaA - Circula con demora. 17:20;2019-01-04 20:20:59;1900-01-01 20:20:59;Friday;True;False;False;False;False;True;20:15:00
37;2018-12-30;#LíneaA - Los trenes no se detienen en Alberti. 08:19;2018-12-30 11:19:26;1900-01-01 11:19:26;Sunday;False;False;False;False;False;True;11:15:00
38;2018-12-28;#LíneaA - Reanuda su servicio y realiza el recorrido completo entre cabeceras. 08:59;2018-12-28 11:59:53;1900-01-01 11:59:53;Friday;False;False;False;False;False;True;11:30:00
39;2018-12-28;#LíneaA - Servicio interrumpido. 08:52;2018-12-28 11:52:52;1900-01-01 11:52:52;Friday;False;True;False;False;False;True;11:30:00
40;2018-12-20;#LíneaA - Ya realiza su recorrido completo entre cabeceras. 19:11;2018-12-20 22:11:15;1900-01-01 22:11:15;Thursday;False;False;False;False;False;True;22:00:00
41;2018-12-20;#LíneaA - Servicio limitado entre las estaciones Plaza de Mayo y Loria. 16:26;2018-12-20 19:26:55;1900-01-01 19:26:55;Thursday;False;False;False;False;True;True;19:15:00
42;2018-12-20;#LíneaA - Servicio interrumpido. 15:58;2018-12-20 18:58:48;1900-01-01 18:58:48;Thursday;False;True;False;False;False;True;18:30:00
43;2018-12-19;#LíneaA - Ya realiza su recorrido completo entre cabeceras. 08:28;2018-12-19 11:28:25;1900-01-01 11:28:25;Wednesday;False;False;False;False;False;True;11:15:00
44;2018-12-19;#LíneaA - Servicio Limitado entre las estaciones Flores y Plaza de Mayo. 07:54;2018-12-19 10:54:24;1900-01-01 10:54:24;Wednesday;False;False;False;False;False;True;10:30:00
45;2018-12-16;#LíneaA - Servicio limitado entre las estaciones Plaza Miserere y San Pedrito. 19:13;2018-12-16 22:13:42;1900-01-01 22:13:42;Sunday;False;False;False;False;True;True;22:00:00
46;2018-12-15;#LíneaA - Ya realiza su recorrido completo entre cabeceras. 10:50;2018-12-15 13:50:27;1900-01-01 13:50:27;Saturday;False;False;False;False;False;True;13:30:00
47;2018-12-15;#LíneaA - Servicio Limitado entre las estaciones Flores y Plaza de Mayo. 10:32;2018-12-15 13:32:26;1900-01-01 13:32:26;Saturday;False;False;False;False;False;True;13:30:00
48;2018-12-07;#LíneaA - Ya realiza su recorrido completo entre cabeceras. 16:17;2018-12-07 19:17:58;1900-01-01 19:17:58;Friday;False;False;False;False;False;True;19:15:00
49;2018-12-07;#LíneaA - Servicio limitado entre las estaciones Plaza Miserere y San Pedrito. 16:01;2018-12-07 19:01:57;1900-01-01 19:01:57;Friday;False;False;False;False;True;True;19:00:00
50;2018-12-04;#LíneaA - Ya circula con su frecuencia normal. 18:24;2018-12-04 21:24:24;1900-01-01 21:24:24;Tuesday;False;False;True;False;False;True;21:15:00
51;2018-12-04;#LíneaA - Servicio con demora. 18:22;2018-12-04 21:22:23;1900-01-01 21:22:23;Tuesday;True;False;False;False;False;True;21:15:00
52;2018-11-30;#LíneaA - Sin servicio viernes y sábado. 04:00;2018-11-30 07:00:22;1900-01-01 07:00:22;Friday;False;False;False;False;False;True;07:00:00
53;2018-11-29;#LíneaA - Ya realiza su recorrido completo entre cabeceras. 15:20;2018-11-29 18:20:15;1900-01-01 18:20:15;Thursday;False;False;False;False;False;True;18:15:00
54;2018-11-29;#LíneaA - Servicio limitado entre las estaciones Perú y San Pedrito. 15:11;2018-11-29 18:11:14;1900-01-01 18:11:14;Thursday;False;False;False;False;True;True;18:00:00
55;2018-11-29;#LíneaA - Servicio limitado entre las estaciones estaciones: San Pedrito y Perú. 15:08;2018-11-29 18:08:13;1900-01-01 18:08:13;Thursday;False;False;False;False;True;True;18:00:00
56;2018-11-29;#LíneaA - Servicio limitado entre las estaciones estaciones: San Pedrito y Perú. 15:00;2018-11-29 18:00:12;1900-01-01 18:00:12;Thursday;False;False;False;False;True;True;18:00:00
57;2018-11-29;@dossantosandres Hola Andrés. Hoy la #LíneaA circulará con normalidad.;2018-11-29 14:31:31;1900-01-01 14:31:31;Thursday;False;False;False;False;False;True;14:30:00
58;2018-11-29;@Gonchu1989 @g20org Hola buen día. Hoy la #LíneaA opera con su frecuencia habitual entre cabeceras.;2018-11-29 10:51:07;1900-01-01 10:51:07;Thursday;False;False;False;False;False;True;10:30:00
59;2018-11-28;#LíneaA - Ya circula con su frecuencia normal. 06:22;2018-11-28 09:22:48;1900-01-01 09:22:48;Wednesday;False;False;True;False;False;True;09:15:00
60;2018-11-28;#LíneaA - Servicio con demora. 05:53;2018-11-28 08:53:46;1900-01-01 08:53:46;Wednesday;True;False;False;False;False;True;08:30:00
61;2018-11-27;#LíneaA - Reanuda su servicio y realiza el recorrido completo entre cabeceras. 07:35;2018-11-27 10:35:35;1900-01-01 10:35:35;Tuesday;False;False;False;False;False;True;10:30:00
62;2018-11-27;#LíneaA - Servicio interrumpido por medida de fuerza gremial. 05:32;2018-11-27 08:32:27;1900-01-01 08:32:27;Tuesday;False;True;False;True;False;True;08:30:00
63;2018-11-26;@Carolin09062667 @lineaa Hola Carolina buen día. La #LíneaA ya realiza su recorrido completo entre la estaciones Pl… https://t.co/Bk2Ug7UXhL;2018-11-26 16:08:55;1900-01-01 16:08:55;Monday;False;False;False;False;False;True;16:00:00
64;2018-11-24;#LíneaA - Ya realiza su recorrido completo entre cabeceras. 05:21;2018-11-24 08:21:22;1900-01-01 08:21:22;Saturday;False;False;False;False;False;True;08:15:00
65;2018-11-24;#LíneaA - Ya realiza su recorrido completo entre cabeceras. 04:25;2018-11-24 07:25:20;1900-01-01 07:25:20;Saturday;False;False;False;False;False;True;07:15:00
66;2018-11-23;#LíneaA - Por obras en zona de vías: Servicio limitado entre las estaciones Perú y San Pedrito. 05:08;2018-11-23 08:08:02;1900-01-01 08:08:02;Friday;False;False;False;False;True;True;08:00:00
67;2018-11-22;@patribperez @ComunidadSubte Hola Pato buen día. La #LíneaA circula con su frecuencia habitual entre Perú y San Pedrito.;2018-11-22 12:51:39;1900-01-01 12:51:39;Thursday;False;False;False;False;False;True;12:30:00
68;2018-11-22;#LíneaA - Por obras en zona de vías: Servicio limitado entre las estaciones Perú y San Pedrito. 09:18;2018-11-22 12:18:45;1900-01-01 12:18:45;Thursday;False;False;False;False;True;True;12:15:00
69;2018-11-22;#LíneaA - Reanuda el servicio entre Perú y San Pedrito. 09:13;2018-11-22 12:13:44;1900-01-01 12:13:44;Thursday;False;False;False;False;False;True;12:00:00
70;2018-11-22;#LíneaA - Servicio Limitado entre las estaciones Flores y Perú. 08:12;2018-11-22 11:12:43;1900-01-01 11:12:43;Thursday;False;False;False;False;False;True;11:00:00
71;2018-11-22;#LíneaA - Por obras en zona de vías: Servicio limitado entre las estaciones Perú y San Pedrito. 04:57;2018-11-22 07:57:40;1900-01-01 07:57:40;Thursday;False;False;False;False;True;True;07:30:00
72;2018-11-21;#LíneaA - Por obras en zona de vías: Servicio limitado entre las estaciones Perú y San Pedrito. 10:58;2018-11-21 13:58:27;1900-01-01 13:58:27;Wednesday;False;False;False;False;True;True;13:30:00
73;2018-11-21;#LíneaA - Ya circula con su frecuencia normal. 10:55;2018-11-21 13:55:26;1900-01-01 13:55:26;Wednesday;False;False;True;False;False;True;13:30:00
74;2018-11-21;#LíneaA - Circula con demora. 10:38;2018-11-21 13:38:25;1900-01-01 13:38:25;Wednesday;True;False;False;False;False;True;13:30:00
75;2018-11-21;#LíneaA - Por obras en zona de vías: Servicio limitado entre las estaciones Perú y San Pedrito. 04:48;2018-11-21 07:48:22;1900-01-01 07:48:22;Wednesday;False;False;False;False;True;True;07:30:00
76;2018-11-20;#LíneaA - Por obras en zona de vías: Servicio limitado entre las estaciones Perú y San Pedrito. 05:04;2018-11-20 08:04:03;1900-01-01 08:04:03;Tuesday;False;False;False;False;True;True;08:00:00
77;2018-11-19;#LíneaA - Por obras en zona de vías: Servicio limitado entre las estaciones Perú y San Pedrito. 07:37;2018-11-19 10:37:58;1900-01-01 10:37:58;Monday;False;False;False;False;True;True;10:30:00
78;2018-11-18;#LíneaA - Por obras en zona de vías: Servicio limitado entre las estaciones Perú y San Pedrito. 08:01;2018-11-18 11:01:54;1900-01-01 11:01:54;Sunday;False;False;False;False;True;True;11:00:00
79;2018-11-17;#LíneaA - Por obras demejora: Servicio limitado entre las estaciones San Pedrito y Piedras. 05:57;2018-11-17 08:57:46;1900-01-01 08:57:46;Saturday;False;False;False;False;True;True;08:30:00
80;2018-11-16;Atención usuarios. Les informamos que por obras en zona de vías, mañana sábado 17/11, la #LíneaA brindará un servic… https://t.co/S0F8Er2TY6;2018-11-16 20:39:51;1900-01-01 20:39:51;Friday;False;False;False;False;False;True;20:30:00
81;2018-11-16;#LíneaA - Por obras en zona de vías: Servicio limitado entre las estaciones Perú y San Pedrito. 09:32;2018-11-16 12:32:40;1900-01-01 12:32:40;Friday;False;False;False;False;True;True;12:30:00
82;2018-11-16;#LíneaA - Reanuda el servicio entre Perú y San Pedrito. 09:25;2018-11-16 12:25:39;1900-01-01 12:25:39;Friday;False;False;False;False;False;True;12:15:00
83;2018-11-16;#LíneaA - Servicio limitado entre las estaciones estaciones San Pedrito y Piedras. 09:15;2018-11-16 12:15:38;1900-01-01 12:15:38;Friday;False;False;False;False;True;True;12:15:00
84;2018-11-16;#LíneaA - Por obras en zona de vías: Servicio limitado entre las estaciones Perú y San Pedrito. 04:58;2018-11-16 07:58:37;1900-01-01 07:58:37;Friday;False;False;False;False;True;True;07:30:00
85;2018-11-15;#LíneaA - Por obras en zona de vías: Servicio limitado entre las estaciones Perú y San Pedrito. 05:02;2018-11-15 08:02:24;1900-01-01 08:02:24;Thursday;False;False;False;False;True;True;08:00:00
86;2018-11-14;#LíneaA - Servicio limitado: San Pedrito - Perú y los trenes no se detienen en Congreso. 11:40;2018-11-14 14:40:19;1900-01-01 14:40:19;Wednesday;False;False;False;False;True;True;14:30:00
87;2018-11-14;#LíneaA - Reanuda su servicio y realiza el recorrido completo entre cabeceras. 11:37;2018-11-14 14:37:18;1900-01-01 14:37:18;Wednesday;False;False;False;False;False;True;14:30:00
88;2018-11-14;#LíneaA - Servicio interrumpido. 11:25;2018-11-14 14:25:17;1900-01-01 14:25:17;Wednesday;False;True;False;False;False;True;14:15:00
89;2018-11-14;#LíneaA - Servicio limitado: San Pedrito - Perú y los trenes no se detienen en Congreso. 10:04;2018-11-14 13:04:16;1900-01-01 13:04:16;Wednesday;False;False;False;False;True;True;13:00:00
90;2018-11-14;#LíneaA - Los trenes no se detienen en Congreso por un operativo de seguridad en la vía pública. 10:00;2018-11-14 13:00:15;1900-01-01 13:00:15;Wednesday;False;False;False;False;False;True;13:00:00
91;2018-11-14;#LíneaA - Por obras en zona de vías: Servicio limitado entre las estaciones Perú y San Pedrito. 04:58;2018-11-14 07:58:10;1900-01-01 07:58:10;Wednesday;False;False;False;False;True;True;07:30:00
92;2018-11-13;#LíneaA - Por obras en zona de vías: Servicio limitado entre las estaciones Perú y San Pedrito. 08:17;2018-11-13 11:17:56;1900-01-01 11:17:56;Tuesday;False;False;False;False;True;True;11:15:00
93;2018-11-13;#LíneaA - Ya circula con su frecuencia normal. 08:12;2018-11-13 11:12:55;1900-01-01 11:12:55;Tuesday;False;False;True;False;False;True;11:00:00
94;2018-11-13;#LíneaA - Circula con demora. 07:23;2018-11-13 10:23:54;1900-01-01 10:23:54;Tuesday;True;False;False;False;False;True;10:15:00
95;2018-11-13;#LíneaA - Por obras en zona de vías: Servicio limitado entre las estaciones Perú y San Pedrito. 04:57;2018-11-13 07:57:50;1900-01-01 07:57:50;Tuesday;False;False;False;False;True;True;07:30:00
96;2018-11-12;#LíneaA - Por obras en zona de vías: Servicio limitado entre las estaciones Perú y San Pedrito. 05:00;2018-11-12 08:00:35;1900-01-01 08:00:35;Monday;False;False;False;False;True;True;08:00:00
97;2018-11-11;#LíneaA - Por obras en zona de vías: Servicio limitado entre las estaciones Perú y San Pedrito. 07:48;2018-11-11 10:48:28;1900-01-01 10:48:28;Sunday;False;False;False;False;True;True;10:30:00
98;2018-11-10;#LíneaA - Por obras en zona de vías: Servicio limitado entre las estaciones Perú y San Pedrito. 05:50;2018-11-10 08:50:22;1900-01-01 08:50:22;Saturday;False;False;False;False;True;True;08:30:00
99;2018-11-09;#LíneaA - Por obras en zona de vías: Servicio limitado entre las estaciones Perú y San Pedrito. 05:05;2018-11-09 08:05:10;1900-01-01 08:05:10;Friday;False;False;False;False;True;True;08:00:00
100;2018-11-08;#LíneaA - Por obras en zona de vías: Servicio limitado entre las estaciones Perú y San Pedrito. 05:07;2018-11-08 08:07:01;1900-01-01 08:07:01;Thursday;False;False;False;False;True;True;08:00:00
101;2018-11-07;#LíneaA - Por obras en zona de vías: Servicio limitado entre las estaciones Perú y San Pedrito. 05:01;2018-11-07 08:01:52;1900-01-01 08:01:52;Wednesday;False;False;False;False;True;True;08:00:00
102;2018-11-06;#LíneaA - Por obras en zona de vías: Servicio limitado entre las estaciones Perú y San Pedrito. 15:00;2018-11-06 18:00:47;1900-01-01 18:00:47;Tuesday;False;False;False;False;True;True;18:00:00
103;2018-11-06;#LíneaA - Reanuda su servicio y realiza el recorrido completo entre cabeceras. 14:57;2018-11-06 17:57:46;1900-01-01 17:57:46;Tuesday;False;False;False;False;False;True;17:30:00
104;2018-11-06;#LíneaA - Servicio interrumpido. 14:49;2018-11-06 17:49:46;1900-01-01 17:49:46;Tuesday;False;True;False;False;False;True;17:30:00
105;2018-11-06;#LíneaA - Por obras en zona de vías: Servicio limitado entre las estaciones Perú y San Pedrito. 05:04;2018-11-06 08:04:41;1900-01-01 08:04:41;Tuesday;False;False;False;False;True;True;08:00:00
106;2018-11-05;#LíneaA - Por obras en zona de vías: Servicio limitado entre las estaciones Perú y San Pedrito. 05:09;2018-11-05 08:09:29;1900-01-01 08:09:29;Monday;False;False;False;False;True;True;08:00:00
107;2018-11-04;#LíneaA - Por obras en zona de vías: Servicio limitado entre las estaciones Perú y San Pedrito. 07:03;2018-11-04 10:03:25;1900-01-01 10:03:25;Sunday;False;False;False;False;True;True;10:00:00
108;2018-11-02;#LíneaA - Por obras en zona de vías: Servicio limitado entre las estaciones Perú y San Pedrito. 05:02;2018-11-02 08:02:08;1900-01-01 08:02:08;Friday;False;False;False;False;True;True;08:00:00
109;2018-11-01;#LíneaA - Por obras en zona de vías: Servicio limitado entre las estaciones Perú y San Pedrito. 04:58;2018-11-01 07:58:51;1900-01-01 07:58:51;Thursday;False;False;False;False;True;True;07:30:00
110;2018-10-31;#LíneaA - Por obras en zona de vías: Servicio limitado entre las estaciones Perú y San Pedrito. 05:17;2018-10-31 08:17:40;1900-01-01 08:17:40;Wednesday;False;False;False;False;True;True;08:15:00
111;2018-10-30;#LíneaA - Por obras en zona de vías: Servicio limitado entre las estaciones Perú y San Pedrito. 05:10;2018-10-30 08:10:23;1900-01-01 08:10:23;Tuesday;False;False;False;False;True;True;08:00:00
112;2018-10-29;#LíneaA - Por obras en zona de vías: Servicio limitado entre las estaciones Perú y San Pedrito. 17:27;2018-10-29 20:27:20;1900-01-01 20:27:20;Monday;False;False;False;False;True;True;20:15:00
113;2018-10-29;#LíneaA - Reanuda el servicio entre Perú y San Pedrito. 17:24;2018-10-29 20:24:19;1900-01-01 20:24:19;Monday;False;False;False;False;False;True;20:15:00
114;2018-10-29;#LíneaA - Por obras en zona de vías: Servicio limitado entre las estaciones Perú y San Pedrito. 10:34;2018-10-29 13:34:11;1900-01-01 13:34:11;Monday;False;False;False;False;True;True;13:30:00
115;2018-10-29;#LíneaA - Reanuda el servicio entre Perú y San Pedrito. 10:32;2018-10-29 13:32:10;1900-01-01 13:32:10;Monday;False;False;False;False;False;True;13:30:00
116;2018-10-29;#LíneaA - Servicio limitado entre las estaciones estaciones San Pedrito y Piedras. 10:19;2018-10-29 13:19:09;1900-01-01 13:19:09;Monday;False;False;False;False;True;True;13:15:00
117;2018-10-29;#LíneaA - Circula con demora. 09:43;2018-10-29 12:43:08;1900-01-01 12:43:08;Monday;True;False;False;False;False;True;12:30:00
118;2018-10-29;#LíneaA - Por obras en zona de vías: Servicio limitado entre las estaciones Perú y San Pedrito. 08:50;2018-10-29 11:50:06;1900-01-01 11:50:06;Monday;False;False;False;False;True;True;11:30:00
119;2018-10-29;#LíneaA - Servicio limitado entre las estaciones estaciones San Pedrito y Piedras. 08:17;2018-10-29 11:17:04;1900-01-01 11:17:04;Monday;False;False;False;False;True;True;11:15:00
120;2018-10-29;#LíneaA - Por obras en zona de vías: Servicio limitado entre las estaciones Perú y San Pedrito. 05:12;2018-10-29 08:12:58;1900-01-01 08:12:58;Monday;False;False;False;False;True;True;08:00:00
121;2018-10-28;#LíneaA - Por obras en zona de vías: Servicio limitado entre las estaciones Perú y San Pedrito. 07:47;2018-10-28 10:47:51;1900-01-01 10:47:51;Sunday;False;False;False;False;True;True;10:30:00
122;2018-10-27;#LíneaA - Por obras en zona de vías: Servicio limitado entre las estaciones Perú y San Pedrito. 05:02;2018-10-27 08:02:32;1900-01-01 08:02:32;Saturday;False;False;False;False;True;True;08:00:00
123;2018-10-26;#LíneaA - Por obras en zona de vías: Servicio limitado entre las estaciones Perú y San Pedrito. 04:17;2018-10-26 07:17:25;1900-01-01 07:17:25;Friday;False;False;False;False;True;True;07:15:00
124;2018-10-25;#LíneaA - Por obras en zona de vías: Servicio limitado entre las estaciones Perú y San Pedrito. 19:27;2018-10-25 22:27:23;1900-01-01 22:27:23;Thursday;False;False;False;False;True;True;22:15:00
125;2018-10-25;#LíneaA - Servicio limitado entre las estaciones estaciones San Pedrito y Piedras. 19:24;2018-10-25 22:24:22;1900-01-01 22:24:22;Thursday;False;False;False;False;True;True;22:15:00
126;2018-10-25;#LíneaA - Por obras en zona de vías: Servicio limitado entre las estaciones Perú y San Pedrito. 05:00;2018-10-25 08:00:16;1900-01-01 08:00:16;Thursday;False;False;False;False;True;True;08:00:00
127;2018-10-24;#LíneaA - Servicio limitado: San Pedrito - Perú y los trenes no se detienen en Congreso. 15:50;2018-10-24 18:50:14;1900-01-01 18:50:14;Wednesday;False;False;False;False;True;True;18:30:00
128;2018-10-24;#LíneaA - Circula con servicio limitado entre las estaciones: Perú - San Pedrito y no se detienen en Congreso y Sáenz Peña. 15:25;2018-10-24 18:25:12;1900-01-01 18:25:12;Wednesday;False;False;False;False;True;True;18:15:00
129;2018-10-24;#LíneaA - Servicio limitado: San Pedrito - Perú y los trenes no se detienen en Congreso. 15:22;2018-10-24 18:22:11;1900-01-01 18:22:11;Wednesday;False;False;False;False;True;True;18:15:00
130;2018-10-24;#LíneaA - Circula con servicio limitado entre las estaciones: Perú - San Pedrito y no se detienen en Congreso y Sáenz Peña. 15:19;2018-10-24 18:19:10;1900-01-01 18:19:10;Wednesday;False;False;False;False;True;True;18:15:00
131;2018-10-24;#LíneaA - Servicio limitado: San Pedrito - Perú y los trenes no se detienen en Congreso. 08:46;2018-10-24 11:47:00;1900-01-01 11:47:00;Wednesday;False;False;False;False;True;True;11:30:00
132;2018-10-24;#LíneaA - Por obras en zona de vías: Servicio limitado entre las estaciones Perú y San Pedrito. 04:38;2018-10-24 07:38:56;1900-01-01 07:38:56;Wednesday;False;False;False;False;True;True;07:30:00
133;2018-10-23;#LíneaA - Por obras en zona de vías: Servicio limitado entre las estaciones Perú y San Pedrito. 04:41;2018-10-23 07:41:44;1900-01-01 07:41:44;Tuesday;False;False;False;False;True;True;07:30:00
134;2018-10-22;#LíneaA - Por obras en zona de vías: Servicio limitado entre las estaciones Perú y San Pedrito. 04:54;2018-10-22 07:54:26;1900-01-01 07:54:26;Monday;False;False;False;False;True;True;07:30:00
135;2018-10-20;#LíneaA - Por obras en zona de vías: Servicio limitado entre las estaciones Perú y San Pedrito. 04:59;2018-10-20 07:59:12;1900-01-01 07:59:12;Saturday;False;False;False;False;True;True;07:30:00
136;2018-10-19;#LíneaA - Por obras en zona de vías: Servicio limitado entre las estaciones Perú y San Pedrito. 05:05;2018-10-19 08:05:02;1900-01-01 08:05:02;Friday;False;False;False;False;True;True;08:00:00
137;2018-10-18;#LíneaA - Por obras en zona de vías: Servicio limitado entre las estaciones Perú y San Pedrito. 09:24;2018-10-18 12:24:58;1900-01-01 12:24:58;Thursday;False;False;False;False;True;True;12:15:00
138;2018-10-18;#LíneaA - Ya circula con su frecuencia normal. 09:22;2018-10-18 12:22:57;1900-01-01 12:22:57;Thursday;False;False;True;False;False;True;12:15:00
139;2018-10-18;#LíneaA - Servicio con demora. 09:17;2018-10-18 12:17:56;1900-01-01 12:17:56;Thursday;True;False;False;False;False;True;12:15:00
140;2018-10-18;#LíneaA - Reanuda el servicio entre Perú y San Pedrito. 09:14;2018-10-18 12:14:55;1900-01-01 12:14:55;Thursday;False;False;False;False;False;True;12:00:00
141;2018-10-18;#LíneaA - Servicio interrumpido. 09:09;2018-10-18 12:09:54;1900-01-01 12:09:54;Thursday;False;True;False;False;False;True;12:00:00
142;2018-10-18;#LíneaA - Por obras en zona de vías: Servicio limitado entre las estaciones Perú y San Pedrito. 05:05;2018-10-18 08:05:53;1900-01-01 08:05:53;Thursday;False;False;False;False;True;True;08:00:00
143;2018-10-17;#LíneaA - Por obras en zona de vías: Servicio limitado entre las estaciones Perú y San Pedrito. 04:57;2018-10-17 07:57:38;1900-01-01 07:57:38;Wednesday;False;False;False;False;True;True;07:30:00
144;2018-10-16;#LíneaA - Por obras en zona de vías: Servicio limitado entre las estaciones Perú y San Pedrito. 05:02;2018-10-16 08:02:22;1900-01-01 08:02:22;Tuesday;False;False;False;False;True;True;08:00:00
145;2018-10-15;#LíneaA - Por obras en zona de vías: Servicio limitado entre las estaciones Perú y San Pedrito. 10:50;2018-10-15 13:50:15;1900-01-01 13:50:15;Monday;False;False;False;False;True;True;13:30:00
146;2018-10-14;#LíneaA - Por obras en zona de vías: Servicio limitado entre las estaciones Perú y San Pedrito. 16:27;2018-10-14 19:27:13;1900-01-01 19:27:13;Sunday;False;False;False;False;True;True;19:15:00
147;2018-10-13;#LíneaA - Por obras en zona de vías: Servicio limitado entre las estaciones Perú y San Pedrito. 06:32;2018-10-13 09:32:05;1900-01-01 09:32:05;Saturday;False;False;False;False;True;True;09:30:00
148;2018-10-13;#LíneaA - Por obras de mejora: Servicio limitado entre las estaciones Perú y San Pedrito. 06:09;2018-10-13 09:09:04;1900-01-01 09:09:04;Saturday;False;False;False;False;True;True;09:00:00
149;2018-10-12;#LíneaA - Por obras en zona de vías: Servicio limitado entre las estaciones Perú y San Pedrito. 05:00;2018-10-12 08:00:56;1900-01-01 08:00:56;Friday;False;False;False;False;True;True;08:00:00
150;2018-10-11;#LíneaA - Por obras en zona de vías: Servicio limitado entre las estaciones Perú y San Pedrito. 05:00;2018-10-11 08:00:50;1900-01-01 08:00:50;Thursday;False;False;False;False;True;True;08:00:00
151;2018-10-10;#LíneaA - Por obras en zona de vías: Servicio limitado entre las estaciones Perú y San Pedrito. 09:19;2018-10-10 12:19:38;1900-01-01 12:19:38;Wednesday;False;False;False;False;True;True;12:15:00
152;2018-10-10;#LíneaA - Reanuda su servicio y realiza el recorrido completo entre cabeceras. 09:16;2018-10-10 12:16:38;1900-01-01 12:16:38;Wednesday;False;False;False;False;False;True;12:15:00
153;2018-10-10;#LíneaA - Servicio interrumpido. 09:10;2018-10-10 12:10:36;1900-01-01 12:10:36;Wednesday;False;True;False;False;False;True;12:00:00
154;2018-10-10;#LíneaA - Por obras en zona de vías: Servicio limitado entre las estaciones Perú y San Pedrito. 04:58;2018-10-10 07:58:31;1900-01-01 07:58:31;Wednesday;False;False;False;False;True;True;07:30:00
155;2018-10-09;#LíneaA - Por obras en zona de vías: Servicio limitado entre las estaciones Perú y San Pedrito. 18:30;2018-10-09 21:30:22;1900-01-01 21:30:22;Tuesday;False;False;False;False;True;True;21:30:00
156;2018-10-09;#LíneaA - Reanuda el servicio entre Perú y San Pedrito. 18:27;2018-10-09 21:27:21;1900-01-01 21:27:21;Tuesday;False;False;False;False;False;True;21:15:00
157;2018-10-09;#LíneaA - Servicio Limitado entre las estaciones Flores y Perú. 18:20;2018-10-09 21:20:20;1900-01-01 21:20:20;Tuesday;False;False;False;False;False;True;21:15:00
158;2018-10-09;#LíneaA - Por obras en zona de vías: Servicio limitado entre las estaciones Perú y San Pedrito. 04:55;2018-10-09 07:55:44;1900-01-01 07:55:44;Tuesday;False;False;False;False;True;True;07:30:00
159;2018-10-08;#LíneaA - Por obras en zona de vías: Servicio limitado entre las estaciones Perú y San Pedrito. 11:45;2018-10-08 14:45:39;1900-01-01 14:45:39;Monday;False;False;False;False;True;True;14:30:00
160;2018-10-08;#LíneaA - Reanuda su servicio y realiza el recorrido completo entre cabeceras. 11:41;2018-10-08 14:41:38;1900-01-01 14:41:38;Monday;False;False;False;False;False;True;14:30:00
161;2018-10-08;#LíneaA - Servicio interrumpido. 11:37;2018-10-08 14:37:37;1900-01-01 14:37:37;Monday;False;True;False;False;False;True;14:30:00
162;2018-10-08;#LíneaA - Por obras en zona de vías: Servicio limitado entre las estaciones Perú y San Pedrito. 05:15;2018-10-08 08:15:33;1900-01-01 08:15:33;Monday;False;False;False;False;True;True;08:15:00
163;2018-10-07;#LíneaA - Por obras en zona de vías: Servicio limitado entre las estaciones Perú y San Pedrito. 07:22;2018-10-07 10:22:31;1900-01-01 10:22:31;Sunday;False;False;False;False;True;True;10:15:00
164;2018-10-06;#LíneaA - Por obras en zona de vías: Servicio limitado entre las estaciones Perú y San Pedrito. 07:13;2018-10-06 10:13:17;1900-01-01 10:13:17;Saturday;False;False;False;False;True;True;10:00:00
165;2018-10-05;#LíneaA - Por obras en zona de vías: Servicio limitado entre las estaciones Perú y San Pedrito. 05:17;2018-10-05 08:17:08;1900-01-01 08:17:08;Friday;False;False;False;False;True;True;08:15:00
166;2018-10-04;#LíneaA - Por obras en zona de vías: Servicio limitado entre las estaciones Perú y San Pedrito. 19:10;2018-10-04 22:10:05;1900-01-01 22:10:05;Thursday;False;False;False;False;True;True;22:00:00
167;2018-10-04;#LíneaA - Reanuda el servicio entre Perú y San Pedrito. 19:08;2018-10-04 22:08:04;1900-01-01 22:08:04;Thursday;False;False;False;False;False;True;22:00:00
168;2018-10-04;#LíneaA - Circula con demora. 18:52;2018-10-04 21:52:03;1900-01-01 21:52:03;Thursday;True;False;False;False;False;True;21:30:00
169;2018-10-04;#LíneaA - Por obras en zona de vías: Servicio limitado entre las estaciones Perú y San Pedrito. 04:57;2018-10-04 07:57:58;1900-01-01 07:57:58;Thursday;False;False;False;False;True;True;07:30:00
170;2018-10-03;#LíneaA - Por obras en zona de vías: Servicio limitado entre las estaciones Perú y San Pedrito. 05:13;2018-10-03 08:13:41;1900-01-01 08:13:41;Wednesday;False;False;False;False;True;True;08:00:00
171;2018-10-02;#LíneaA - Por obras en zona de vías: Servicio limitado entre las estaciones Perú y San Pedrito. 05:02;2018-10-02 08:02:26;1900-01-01 08:02:26;Tuesday;False;False;False;False;True;True;08:00:00
172;2018-09-30;#LíneaA - Por obras en zona de vías: Servicio limitado entre las estaciones Perú y San Pedrito. 07:58;2018-09-30 10:58:45;1900-01-01 10:58:45;Sunday;False;False;False;False;True;True;10:30:00
173;2018-09-29;#LíneaA - Por obras en zona de vías: Servicio limitado entre las estaciones Perú y San Pedrito. 05:31;2018-09-29 08:31:33;1900-01-01 08:31:33;Saturday;False;False;False;False;True;True;08:30:00
174;2018-09-28;#LíneaA - Por obras en zona de vías: Servicio limitado entre las estaciones Perú y San Pedrito. 05:04;2018-09-28 08:04:21;1900-01-01 08:04:21;Friday;False;False;False;False;True;True;08:00:00
175;2018-09-27;#LíneaA - Por obras en zona de vías: Servicio limitado entre las estaciones Perú y San Pedrito. 04:57;2018-09-27 07:57:08;1900-01-01 07:57:08;Thursday;False;False;False;False;True;True;07:30:00
176;2018-09-26;#LíneaA - Por obras en zona de vías: Servicio limitado entre las estaciones Perú y San Pedrito. 05:06;2018-09-26 08:06:59;1900-01-01 08:06:59;Wednesday;False;False;False;False;True;True;08:00:00
177;2018-09-24;#LíneaA - Servicio interrumpido por medida de fuerza gremial. 20:52;2018-09-24 23:52:49;1900-01-01 23:52:49;Monday;False;True;False;True;False;True;23:30:00
178;2018-09-24;#LíneaA - Por obras en zona de vías: Servicio limitado entre las estaciones Perú y San Pedrito. 05:25;2018-09-24 08:25:37;1900-01-01 08:25:37;Monday;False;False;False;False;True;True;08:15:00
179;2018-09-23;#LíneaA - Por obras en zona de vías: Servicio limitado entre las estaciones Perú y San Pedrito. 07:54;2018-09-23 10:54:31;1900-01-01 10:54:31;Sunday;False;False;False;False;True;True;10:30:00
180;2018-09-22;#LíneaA - Por obras en zona de vías: Servicio limitado entre las estaciones Perú y San Pedrito. 05:15;2018-09-22 08:15:14;1900-01-01 08:15:14;Saturday;False;False;False;False;True;True;08:15:00
181;2018-09-21;#LíneaA - Por obras en zona de vías: Servicio limitado entre las estaciones Perú y San Pedrito. 05:01;2018-09-21 08:01:59;1900-01-01 08:01:59;Friday;False;False;False;False;True;True;08:00:00
182;2018-09-20;#LíneaA - Por obras en zona de vías: Servicio limitado entre las estaciones Perú y San Pedrito. 12:11;2018-09-20 15:11:56;1900-01-01 15:11:56;Thursday;False;False;False;False;True;True;15:00:00
183;2018-09-20;#LíneaA - Reanuda el servicio entre Perú y San Pedrito. 12:07;2018-09-20 15:07:54;1900-01-01 15:07:54;Thursday;False;False;False;False;False;True;15:00:00
184;2018-09-20;#LíneaA - Servicio Limitado entre las estaciones Flores y Perú. 11:54;2018-09-20 14:54:53;1900-01-01 14:54:53;Thursday;False;False;False;False;False;True;14:30:00
185;2018-09-20;#LíneaA - Por obras en zona de vías: Servicio limitado entre las estaciones Perú y San Pedrito. 05:09;2018-09-20 08:09:47;1900-01-01 08:09:47;Thursday;False;False;False;False;True;True;08:00:00
186;2018-09-19;#LíneaA - Por obras en zona de vías: Servicio limitado entre las estaciones Perú y San Pedrito. 05:05;2018-09-19 08:05:38;1900-01-01 08:05:38;Wednesday;False;False;False;False;True;True;08:00:00
187;2018-09-18;#LíneaA - Por obras en zona de vías: Servicio limitado entre las estaciones Perú y San Pedrito. 04:59;2018-09-18 07:59:19;1900-01-01 07:59:19;Tuesday;False;False;False;False;True;True;07:30:00
188;2018-09-17;#LíneaA - Por obras en zona de vías: Servicio limitado entre las estaciones Perú y San Pedrito. 05:11;2018-09-17 08:11:04;1900-01-01 08:11:04;Monday;False;False;False;False;True;True;08:00:00
189;2018-09-16;#LíneaA - Por obras en zona de vías: Servicio limitado entre las estaciones Perú y San Pedrito. 07:45;2018-09-16 10:46:00;1900-01-01 10:46:00;Sunday;False;False;False;False;True;True;10:30:00
190;2018-09-15;#LíneaA - Por obras en zona de vías: Servicio limitado entre las estaciones Perú y San Pedrito. 05:37;2018-09-15 08:37:57;1900-01-01 08:37:57;Saturday;False;False;False;False;True;True;08:30:00
191;2018-09-14;#LíneaA - Por obras en zona de vías: Servicio limitado entre las estaciones Perú y San Pedrito. 05:01;2018-09-14 08:01:52;1900-01-01 08:01:52;Friday;False;False;False;False;True;True;08:00:00
192;2018-09-13;#LíneaA - Por obras en zona de vías: Servicio limitado entre las estaciones Perú y San Pedrito. 04:57;2018-09-13 07:57:38;1900-01-01 07:57:38;Thursday;False;False;False;False;True;True;07:30:00
193;2018-09-12;#LíneaA - Por obras en zona de vías: Servicio limitado entre las estaciones Perú y San Pedrito. 05:03;2018-09-12 08:03:24;1900-01-01 08:03:24;Wednesday;False;False;False;False;True;True;08:00:00
194;2018-09-11;#LíneaA - Por obras en zona de vías: Servicio limitado entre las estaciones Perú y San Pedrito. 15:04;2018-09-11 18:04:19;1900-01-01 18:04:19;Tuesday;False;False;False;False;True;True;18:00:00
195;2018-09-11;#LíneaA - Reanuda el servicio entre Perú y San Pedrito. 15:00;2018-09-11 18:00:18;1900-01-01 18:00:18;Tuesday;False;False;False;False;False;True;18:00:00
196;2018-09-11;#LíneaA - Servicio Limitado entre las estaciones Acoyte y Perú. 14:49;2018-09-11 17:49:17;1900-01-01 17:49:17;Tuesday;False;False;False;False;False;True;17:30:00
197;2018-09-11;#LíneaA - Por obras en zona de vías: Servicio limitado entre las estaciones Perú y San Pedrito. 04:58;2018-09-11 07:58:12;1900-01-01 07:58:12;Tuesday;False;False;False;False;True;True;07:30:00
198;2018-09-11;#LíneaA - Por obras en zona de vías: Servicio limitado entre las estaciones Perú y San Pedrito. 21:35;2018-09-11 00:35:11;1900-01-01 00:35:11;Tuesday;False;False;False;False;True;True;00:30:00
199;2018-09-10;#LíneaA - Por obras en zona de vías: Servicio limitado entre las estaciones Perú y San Pedrito. 04:52;2018-09-10 07:52:06;1900-01-01 07:52:06;Monday;False;False;False;False;True;True;07:30:00
200;2018-09-09;#LíneaA - Por obras en zona de vías: Servicio limitado entre las estaciones Perú y San Pedrito. 08:03;2018-09-09 11:03:03;1900-01-01 11:03:03;Sunday;False;False;False;False;True;True;11:00:00
201;2018-09-08;#LíneaA - Por obras en zona de vías: Servicio limitado entre las estaciones Perú y San Pedrito. 04:56;2018-09-08 07:56:00;1900-01-01 07:56:00;Saturday;False;False;False;False;True;True;07:30:00
202;2018-09-07;#LíneaA - Por obras en zona de vías: Servicio limitado entre las estaciones Perú y San Pedrito. 04:59;2018-09-07 07:59:51;1900-01-01 07:59:51;Friday;False;False;False;False;True;True;07:30:00
203;2018-09-06;#LíneaA - Por obras en zona de vías: Servicio limitado entre las estaciones Perú y San Pedrito. 13:57;2018-09-06 16:57:43;1900-01-01 16:57:43;Thursday;False;False;False;False;True;True;16:30:00
204;2018-09-06;#LíneaA - Servicio con demora. 13:14;2018-09-06 16:14:42;1900-01-01 16:14:42;Thursday;True;False;False;False;False;True;16:00:00
205;2018-09-06;#LíneaA - Reanuda el servicio entre Perú y San Pedrito. 13:09;2018-09-06 16:09:41;1900-01-01 16:09:41;Thursday;False;False;False;False;False;True;16:00:00
206;2018-09-06;#LíneaA - Circula con servicio limitado entre las estaciones Flores y Perú. 12:47;2018-09-06 15:47:40;1900-01-01 15:47:40;Thursday;False;False;False;False;True;True;15:30:00
207;2018-09-06;#LíneaA - Servicio Limitado entre las estaciones Flores y Perú. 12:45;2018-09-06 15:45:39;1900-01-01 15:45:39;Thursday;False;False;False;False;False;True;15:30:00
208;2018-09-06;#LíneaA - Servicio liimitado entre las estaciones Flores y Perú. 12:40;2018-09-06 15:40:38;1900-01-01 15:40:38;Thursday;False;False;False;False;False;True;15:30:00
209;2018-09-06;#LíneaA - Servicio interrumpido. 12:33;2018-09-06 15:33:37;1900-01-01 15:33:37;Thursday;False;True;False;False;False;True;15:30:00
210;2018-09-06;#LíneaA - Servicio Limitado entre las estaciones Flores y Perú. 12:20;2018-09-06 15:20:36;1900-01-01 15:20:36;Thursday;False;False;False;False;False;True;15:15:00
211;2018-09-06;#LíneaA - Circula con demora. 11:33;2018-09-06 14:33:34;1900-01-01 14:33:34;Thursday;True;False;False;False;False;True;14:30:00
212;2018-09-06;#LíneaA - Por obras en zona de vías: Servicio limitado entre las estaciones Perú y San Pedrito. 11:10;2018-09-06 14:10:33;1900-01-01 14:10:33;Thursday;False;False;False;False;True;True;14:00:00
213;2018-09-06;#LíneaA - Reanuda el servicio entre Perú y San Pedrito. 11:07;2018-09-06 14:07:32;1900-01-01 14:07:32;Thursday;False;False;False;False;False;True;14:00:00
214;2018-09-06;#LíneaA - Servicio Limitado entre las estaciones Flores y Perú. 10:33;2018-09-06 13:33:31;1900-01-01 13:33:31;Thursday;False;False;False;False;False;True;13:30:00
215;2018-09-06;#LíneaA - Por obras en zona de vías: Servicio limitado entre las estaciones Perú y San Pedrito. 05:08;2018-09-06 08:08:26;1900-01-01 08:08:26;Thursday;False;False;False;False;True;True;08:00:00
216;2018-09-05;#LíneaA - Los trenes no se detienen en Plaza Miserere. 19:40;2018-09-05 22:40:24;1900-01-01 22:40:24;Wednesday;False;False;False;False;False;True;22:30:00
217;2018-09-05;#LíneaA - Reanuda el servicio entre Perú y San Pedrito. 19:38;2018-09-05 22:38:24;1900-01-01 22:38:24;Wednesday;False;False;False;False;False;True;22:30:00
218;2018-09-05;#LíneaA - Servicio limitado entre las estaciones San Pedrito y Río de Janeiro. 15:56;2018-09-05 18:56:22;1900-01-01 18:56:22;Wednesday;False;False;False;False;True;True;18:30:00
219;2018-09-05;#LíneaA - Servicio interrumpido. 15:47;2018-09-05 18:47:21;1900-01-01 18:47:21;Wednesday;False;True;False;False;False;True;18:30:00
220;2018-09-05;#LíneaA - Por obras en zona de vías: Servicio limitado entre las estaciones Perú y San Pedrito. 05:01;2018-09-05 08:01:20;1900-01-01 08:01:20;Wednesday;False;False;False;False;True;True;08:00:00
221;2018-09-04;#LíneaA - Por obras en zona de vías: Servicio limitado entre las estaciones Perú y San Pedrito. 04:57;2018-09-04 07:57:06;1900-01-01 07:57:06;Tuesday;False;False;False;False;True;True;07:30:00
222;2018-09-03;#LíneaA - Por obras en zona de vías: Servicio limitado entre las estaciones Perú y San Pedrito. 17:24;2018-09-03 20:24:32;1900-01-01 20:24:32;Monday;False;False;False;False;True;True;20:15:00
223;2018-09-03;#LíneaA - Reanuda el servicio entre Perú y San Pedrito. 17:20;2018-09-03 20:20:31;1900-01-01 20:20:31;Monday;False;False;False;False;False;True;20:15:00
224;2018-09-03;#LíneaA - Servicio interrumpido. 17:07;2018-09-03 20:07:30;1900-01-01 20:07:30;Monday;False;True;False;False;False;True;20:00:00
225;2018-09-03;#LíneaA - Por obras en zona de vías: Servicio limitado entre las estaciones Perú y San Pedrito. 05:09;2018-09-03 08:09:20;1900-01-01 08:09:20;Monday;False;False;False;False;True;True;08:00:00
226;2018-09-02;#LíneaA - Por obras en zona de vías: Servicio limitado entre las estaciones Perú y San Pedrito. 08:05;2018-09-02 11:05:12;1900-01-01 11:05:12;Sunday;False;False;False;False;True;True;11:00:00
227;2018-09-01;#LíneaA - Por obras en zona de vías: Servicio limitado entre las estaciones Perú y San Pedrito. 05:04;2018-09-01 08:04:03;1900-01-01 08:04:03;Saturday;False;False;False;False;True;True;08:00:00
228;2018-09-01;#LíneaA - Por obras en zona de vías: Servicio limitado entre las estaciones Perú y San Pedrito. 22:10;2018-09-01 01:10:49;1900-01-01 01:10:49;Saturday;False;False;False;False;True;True;01:00:00
229;2018-08-31;#LíneaA - Por obras en zona de vías: Servicio limitado entre las estaciones Perú y San Pedrito. 12:26;2018-08-31 15:26:44;1900-01-01 15:26:44;Friday;False;False;False;False;True;True;15:15:00
230;2018-08-31;#LíneaA - Reanuda el servicio entre Perú y San Pedrito. 12:22;2018-08-31 15:22:43;1900-01-01 15:22:43;Friday;False;False;False;False;False;True;15:15:00
231;2018-08-31;#LíneaA - Servicio interrumpido. 12:11;2018-08-31 15:11:42;1900-01-01 15:11:42;Friday;False;True;False;False;False;True;15:00:00
232;2018-08-31;#LíneaA - Por obras en zona de vías: Servicio limitado entre las estaciones Perú y San Pedrito. 04:51;2018-08-31 07:51:33;1900-01-01 07:51:33;Friday;False;False;False;False;True;True;07:30:00
233;2018-08-30;#LíneaA - Por obras en zona de vías: Servicio limitado entre las estaciones Perú y San Pedrito. 17:41;2018-08-30 20:41:24;1900-01-01 20:41:24;Thursday;False;False;False;False;True;True;20:30:00
234;2018-08-30;#LíneaA - Los trenes ya se detienen en todas las estaciones. 17:37;2018-08-30 20:37:23;1900-01-01 20:37:23;Thursday;False;False;False;False;False;True;20:30:00
235;2018-08-30;#LíneaA - Los trenes no se detienen en la estación Loria. 16:31;2018-08-30 19:31:21;1900-01-01 19:31:21;Thursday;False;False;False;False;False;True;19:30:00
236;2018-08-30;#LíneaA Los trenes no se detienen en Loria. 16:09;2018-08-30 19:12:17;1900-01-01 19:12:17;Thursday;False;False;False;False;False;True;19:00:00
237;2018-08-30;#LíneaA - Por obras en zona de vías: Servicio limitado entre las estaciones Perú y San Pedrito. 05:00;2018-08-30 08:00:13;1900-01-01 08:00:13;Thursday;False;False;False;False;True;True;08:00:00
238;2018-08-29;#LíneaA - Por obras en zona de vías: Servicio limitado entre las estaciones Perú y San Pedrito. 04:55;2018-08-29 07:55:03;1900-01-01 07:55:03;Wednesday;False;False;False;False;True;True;07:30:00
239;2018-08-29;#LíneaA - Por obras en zona de vías: Servicio limitado entre las estaciones Perú y San Pedrito. 22:11;2018-08-29 01:11:02;1900-01-01 01:11:02;Wednesday;False;False;False;False;True;True;01:00:00
240;2018-08-29;#LíneaA - Servicio Limitado entre las estaciones Flores y Perú. 21:05;2018-08-29 00:05:00;1900-01-01 00:05:00;Wednesday;False;False;False;False;False;True;00:00:00
241;2018-08-28;#LíneaA - Por obras en zona de vías: Servicio limitado entre las estaciones Perú y San Pedrito. 04:52;2018-08-28 07:52:49;1900-01-01 07:52:49;Tuesday;False;False;False;False;True;True;07:30:00
242;2018-08-28;#LíneaA - Por obras en zona de vías: Servicio limitado entre las estaciones Perú y San Pedrito. 04:52;2018-08-28 07:52:49;1900-01-01 07:52:49;Tuesday;False;False;False;False;True;True;07:30:00
243;2018-08-27;#LíneaA - Por obras en zona de vías: Servicio limitado entre las estaciones Perú y San Pedrito. 05:15;2018-08-27 08:15:39;1900-01-01 08:15:39;Monday;False;False;False;False;True;True;08:15:00
244;2018-08-26;#LíneaA - Por obras en zona de vías: Servicio limitado entre las estaciones Perú y San Pedrito. 08:05;2018-08-26 11:05:33;1900-01-01 11:05:33;Sunday;False;False;False;False;True;True;11:00:00
245;2018-08-25;#LíneaA - Por obras en zona de vías: Servicio limitado entre las estaciones Perú y San Pedrito. 05:03;2018-08-25 08:03:26;1900-01-01 08:03:26;Saturday;False;False;False;False;True;True;08:00:00
246;2018-08-24;#LíneaA - Por obras en zona de vías: Servicio limitado entre las estaciones Perú y San Pedrito. 05:03;2018-08-24 08:03:11;1900-01-01 08:03:11;Friday;False;False;False;False;True;True;08:00:00
247;2018-08-23;#LíneaA - Por obras en zona de vías: Servicio limitado entre las estaciones Perú y San Pedrito. 05:15;2018-08-23 08:15:05;1900-01-01 08:15:05;Thursday;False;False;False;False;True;True;08:15:00
248;2018-08-22;#LíneaA - Por obras en zona de vías: Servicio limitado entre las estaciones Perú y San Pedrito. 19:39;2018-08-22 22:39:03;1900-01-01 22:39:03;Wednesday;False;False;False;False;True;True;22:30:00
249;2018-08-22;#LíneaA - Ya circula con su frecuencia normal. 19:36;2018-08-22 22:36:02;1900-01-01 22:36:02;Wednesday;False;False;True;False;False;True;22:30:00
250;2018-08-22;#LíneaA - Servicio con demora. 19:24;2018-08-22 22:24:01;1900-01-01 22:24:01;Wednesday;True;False;False;False;False;True;22:15:00
251;2018-08-22;#LíneaA - Reanuda su servicio y realiza el recorrido completo entre cabeceras. 19:21;2018-08-22 22:21:00;1900-01-01 22:21:00;Wednesday;False;False;False;False;False;True;22:15:00
252;2018-08-22;#LíneaA - Servicio interrumpido. 19:16;2018-08-22 22:16:59;1900-01-01 22:16:59;Wednesday;False;True;False;False;False;True;22:15:00
253;2018-08-16;#LíneaA - Por obras en zona de vías: Servicio limitado entre las estaciones Perú y San Pedrito. 05:11;2018-08-16 08:11:55;1900-01-01 08:11:55;Thursday;False;False;False;False;True;True;08:00:00
254;2018-08-15;#LíneaA - Por obras en zona de vías: Servicio limitado entre las estaciones Perú y San Pedrito. 19:12;2018-08-15 22:12:53;1900-01-01 22:12:53;Wednesday;False;False;False;False;True;True;22:00:00
255;2018-08-15;#LíneaA - Ya circula con su frecuencia normal. 19:09;2018-08-15 22:09:52;1900-01-01 22:09:52;Wednesday;False;False;True;False;False;True;22:00:00
256;2018-08-15;#LíneaA - Servicio con demora. 18:53;2018-08-15 21:53:51;1900-01-01 21:53:51;Wednesday;True;False;False;False;False;True;21:30:00
257;2018-08-15;#LíneaA - Por obras en zona de vías: Servicio limitado entre las estaciones Perú y San Pedrito. 17:42;2018-08-15 20:42:50;1900-01-01 20:42:50;Wednesday;False;False;False;False;True;True;20:30:00
258;2018-08-15;#LíneaA - Reanuda su servicio y realiza el recorrido completo entre cabeceras. 17:38;2018-08-15 20:38:49;1900-01-01 20:38:49;Wednesday;False;False;False;False;False;True;20:30:00
259;2018-08-15;#LíneaA - Servicio interrumpido. 17:25;2018-08-15 20:25:48;1900-01-01 20:25:48;Wednesday;False;True;False;False;False;True;20:15:00
260;2018-08-15;#LíneaA - Circula con demora. 17:23;2018-08-15 20:23:47;1900-01-01 20:23:47;Wednesday;True;False;False;False;False;True;20:15:00
261;2018-08-15;#LíneaA - Por obras en zona de vías: Servicio limitado entre las estaciones Perú y San Pedrito. 10:18;2018-08-15 13:18:39;1900-01-01 13:18:39;Wednesday;False;False;False;False;True;True;13:15:00
262;2018-08-15;#LíneaA - Reanuda el servicio entre Perú y San Pedrito. 10:08;2018-08-15 13:08:38;1900-01-01 13:08:38;Wednesday;False;False;False;False;False;True;13:00:00
263;2018-08-15;#LíneaA - Servicio Limitado entre las estaciones Acoyte y Perú. 09:44;2018-08-15 12:44:35;1900-01-01 12:44:35;Wednesday;False;False;False;False;False;True;12:30:00
264;2018-08-15;#LíneaA - Por obras en zona de vías: Servicio limitado entre las estaciones Perú y San Pedrito. 09:26;2018-08-15 12:26:26;1900-01-01 12:26:26;Wednesday;False;False;False;False;True;True;12:15:00
265;2018-08-15;#LíneaA - Servicio interrumpido. 08:32;2018-08-15 11:32:25;1900-01-01 11:32:25;Wednesday;False;True;False;False;False;True;11:30:00
266;2018-08-15;#LíneaA - Servicio Limitado entre las estaciones Acoyte y Perú. 22:28;2018-08-15 01:28:30;1900-01-01 01:28:30;Wednesday;False;False;False;False;False;True;01:15:00
267;2018-08-15;#LíneaA - Servicio Limitado entre las estaciones Acoyte y Perú. 21:40;2018-08-15 00:40:29;1900-01-01 00:40:29;Wednesday;False;False;False;False;False;True;00:30:00
268;2018-08-15;#LíneaA - Servicio limitado entre las estaciones Carabobo y Perú. 21:09;2018-08-15 00:09:28;1900-01-01 00:09:28;Wednesday;False;False;False;False;True;True;00:00:00
269;2018-08-14;#LíneaA - Por obras en zona de vías: Servicio limitado entre las estaciones Perú y San Pedrito. 04:58;2018-08-14 07:58:25;1900-01-01 07:58:25;Tuesday;False;False;False;False;True;True;07:30:00
270;2018-08-13;#LíneaA - Por obras en zona de vías: Servicio limitado entre las estaciones Perú y San Pedrito. 04:49;2018-08-13 07:49:13;1900-01-01 07:49:13;Monday;False;False;False;False;True;True;07:30:00
271;2018-08-12;#LíneaA - Por obras en zona de vías: Servicio limitado entre las estaciones Perú y San Pedrito. 08:25;2018-08-12 11:25:09;1900-01-01 11:25:09;Sunday;False;False;False;False;True;True;11:15:00
272;2018-08-11;#LíneaA - Por obras en zona de vías: Servicio limitado entre las estaciones Perú y San Pedrito. 05:52;2018-08-11 08:52:04;1900-01-01 08:52:04;Saturday;False;False;False;False;True;True;08:30:00
273;2018-08-10;#LíneaA - Por obras en zona de vías: Servicio limitado entre las estaciones Perú y San Pedrito. 05:26;2018-08-10 08:26:51;1900-01-01 08:26:51;Friday;False;False;False;False;True;True;08:15:00
274;2018-08-09;#LíneaA - Por obras en zona de vías: Servicio limitado entre las estaciones Perú y San Pedrito. 05:07;2018-08-09 08:07:41;1900-01-01 08:07:41;Thursday;False;False;False;False;True;True;08:00:00
275;2018-08-09;#LíneaA - Servicio limitado: San Pedrito - Perú y los trenes no se detienen en Congreso. 05:00;2018-08-09 08:00:40;1900-01-01 08:00:40;Thursday;False;False;False;False;True;True;08:00:00
276;2018-08-08;#LíneaA - Circula con servicio limitado entre las estaciones: Perú - San Pedrito y no se detienen en Congreso y Sáenz Peña. 17:59;2018-08-08 20:59:32;1900-01-01 20:59:32;Wednesday;False;False;False;False;True;True;20:30:00
277;2018-08-08;#LíneaA - Servicio limitado: San Pedrito - Perú y los trenes no se detienen en Congreso. 04:59;2018-08-08 07:59:24;1900-01-01 07:59:24;Wednesday;False;False;False;False;True;True;07:30:00
278;2018-08-07;#LíneaA - Ya circula con su frecuencia normal. 11:18;2018-08-07 14:18:08;1900-01-01 14:18:08;Tuesday;False;False;True;False;False;True;14:15:00
279;2018-08-07;#LíneaA - Circula con demora por medida de fuerza gremial. 11:04;2018-08-07 14:04:07;1900-01-01 14:04:07;Tuesday;True;False;False;True;False;True;14:00:00
280;2018-08-07;#LíneaA - Por obras en zona de vías: Servicio limitado entre las estaciones Perú y San Pedrito. 05:01;2018-08-07 08:01:04;1900-01-01 08:01:04;Tuesday;False;False;False;False;True;True;08:00:00
281;2018-08-06;#LíneaA - Por obras en zona de vías: Servicio limitado entre las estaciones Perú y San Pedrito. 05:22;2018-08-06 08:22:47;1900-01-01 08:22:47;Monday;False;False;False;False;True;True;08:15:00
282;2018-08-05;#LíneaA - Por obras en zona de vías: Servicio limitado entre las estaciones Perú y San Pedrito. 08:06;2018-08-05 11:06:44;1900-01-01 11:06:44;Sunday;False;False;False;False;True;True;11:00:00
283;2018-08-04;#LíneaA - Por obras en zona de vías: Servicio limitado entre las estaciones Perú y San Pedrito. 05:27;2018-08-04 08:27:34;1900-01-01 08:27:34;Saturday;False;False;False;False;True;True;08:15:00
284;2018-08-03;#LíneaA - Por obras en zona de vías: Servicio limitado entre las estaciones Perú y San Pedrito. 04:56;2018-08-03 07:56:26;1900-01-01 07:56:26;Friday;False;False;False;False;True;True;07:30:00
285;2018-08-02;#LíneaA - Por obras en zona de vías: Servicio limitado entre las estaciones Perú y San Pedrito. 05:16;2018-08-02 08:16:04;1900-01-01 08:16:04;Thursday;False;False;False;False;True;True;08:15:00
286;2018-08-01;#LíneaA - Servicio limitado entre las estaciones San Pedrito y Piedras. 18:04;2018-08-01 21:04:00;1900-01-01 21:04:00;Wednesday;False;False;False;False;True;True;21:00:00
287;2018-08-01;#LíneaA - Por obras en zona de vías: Servicio limitado entre las estaciones Perú y San Pedrito. 04:56;2018-08-01 07:56:57;1900-01-01 07:56:57;Wednesday;False;False;False;False;True;True;07:30:00
288;2018-07-31;#LíneaA - Por obras en zona de vías: Servicio limitado entre las estaciones Perú y San Pedrito. 16:16;2018-07-31 19:16:52;1900-01-01 19:16:52;Tuesday;False;False;False;False;True;True;19:15:00
289;2018-07-31;#LíneaA - Ya circula con su frecuencia normal. 16:14;2018-07-31 19:14:51;1900-01-01 19:14:51;Tuesday;False;False;True;False;False;True;19:00:00
290;2018-07-31;#LíneaA - Servicio con demora. 15:56;2018-07-31 18:56:50;1900-01-01 18:56:50;Tuesday;True;False;False;False;False;True;18:30:00
291;2018-07-31;#LíneaA - Circula con demora. 15:39;2018-07-31 18:39:49;1900-01-01 18:39:49;Tuesday;True;False;False;False;False;True;18:30:00
292;2018-07-31;#LíneaA - Reanuda el servicio entre Perú y San Pedrito. 15:36;2018-07-31 18:36:48;1900-01-01 18:36:48;Tuesday;False;False;False;False;False;True;18:30:00
293;2018-07-31;#LíneaA - Servicio limitado entre las estaciones San Pedrito y Río de Janeiro. 15:28;2018-07-31 18:28:47;1900-01-01 18:28:47;Tuesday;False;False;False;False;True;True;18:15:00
294;2018-07-31;#LíneaA - Servicio interrumpido. 15:19;2018-07-31 18:19:46;1900-01-01 18:19:46;Tuesday;False;True;False;False;False;True;18:15:00
295;2018-07-31;#LíneaA - Circula con demora. 14:52;2018-07-31 17:52:45;1900-01-01 17:52:45;Tuesday;True;False;False;False;False;True;17:30:00
296;2018-07-31;#LíneaA - Reanuda el servicio entre Perú y San Pedrito. 14:47;2018-07-31 17:47:44;1900-01-01 17:47:44;Tuesday;False;False;False;False;False;True;17:30:00
297;2018-07-31;#LíneaA - Servicio interrumpido. 14:29;2018-07-31 17:29:43;1900-01-01 17:29:43;Tuesday;False;True;False;False;False;True;17:15:00
298;2018-07-31;#LíneaA - Por obras en zona de vías: Servicio limitado entre las estaciones Perú y San Pedrito. 12:40;2018-07-31 15:41:41;1900-01-01 15:41:41;Tuesday;False;False;False;False;True;True;15:30:00
299;2018-07-31;#LíneaA - Reanuda el servicio entre Perú y San Pedrito. 12:36;2018-07-31 15:37:41;1900-01-01 15:37:41;Tuesday;False;False;False;False;False;True;15:30:00
300;2018-07-31;#LíneaA - Servicio limitado entre las estaciones Carabobo y Perú. 10:55;2018-07-31 13:56:40;1900-01-01 13:56:40;Tuesday;False;False;False;False;True;True;13:30:00
301;2018-07-31;#LíneaA - Servicio interrumpido. 10:51;2018-07-31 13:52:39;1900-01-01 13:52:39;Tuesday;False;True;False;False;False;True;13:30:00
302;2018-07-31;#LíneaA - Por obras en zona de vías: Servicio limitado entre las estaciones Perú y San Pedrito. 04:48;2018-07-31 07:49:35;1900-01-01 07:49:35;Tuesday;False;False;False;False;True;True;07:30:00
303;2018-07-31;#LíneaA - Por obras en zona de vías: Servicio limitado entre las estaciones Perú y San Pedrito. 21:29;2018-07-31 00:30:17;1900-01-01 00:30:17;Tuesday;False;False;False;False;True;True;00:30:00
304;2018-07-31;#LíneaA - Servicio interrumpido por medida de fuerza gremial. 21:26;2018-07-31 00:27:15;1900-01-01 00:27:15;Tuesday;False;True;False;True;False;True;00:15:00
305;2018-07-30;#LíneaA - Por obras en zona de vías: Servicio limitado entre las estaciones Perú y San Pedrito. 12:11;2018-07-30 15:12:06;1900-01-01 15:12:06;Monday;False;False;False;False;True;True;15:00:00
306;2018-07-30;#LíneaA - Ya circula con su frecuencia normal. 12:09;2018-07-30 15:10:05;1900-01-01 15:10:05;Monday;False;False;True;False;False;True;15:00:00
307;2018-07-30;#LíneaA - Servicio con demora. 10:45;2018-07-30 13:46:03;1900-01-01 13:46:03;Monday;True;False;False;False;False;True;13:30:00
308;2018-07-30;#LíneaA - Servicio Limitado entre las estaciones Flores y Perú. 09:34;2018-07-30 12:35:01;1900-01-01 12:35:01;Monday;False;False;False;False;False;True;12:30:00
309;2018-07-30;#LíneaA - Servicio liimitado entre las estaciones Flores y Perú. 09:28;2018-07-30 12:29:00;1900-01-01 12:29:00;Monday;False;False;False;False;False;True;12:15:00
310;2018-07-30;#LíneaA - Servicio Limitado entre las estaciones Flores y Perú. 09:19;2018-07-30 12:19:59;1900-01-01 12:19:59;Monday;False;False;False;False;False;True;12:15:00
311;2018-07-28;#LíneaA - Por obras en zona de vías: Servicio limitado entre las estaciones Perú y San Pedrito. 05:43;2018-07-28 08:44:44;1900-01-01 08:44:44;Saturday;False;False;False;False;True;True;08:30:00
312;2018-07-27;#LíneaA - Por obras en zona de vías: Servicio limitado entre las estaciones Perú y San Pedrito. 04:59;2018-07-27 08:00:32;1900-01-01 08:00:32;Friday;False;False;False;False;True;True;08:00:00
313;2018-07-26;#LíneaA - Por obras en zona de vías: Servicio limitado entre las estaciones Perú y San Pedrito. 04:59;2018-07-26 08:00:17;1900-01-01 08:00:17;Thursday;False;False;False;False;True;True;08:00:00
314;2018-07-25;#LíneaA - Por obras en zona de vías: Servicio limitado entre las estaciones Perú y San Pedrito. 10:44;2018-07-25 13:45:07;1900-01-01 13:45:07;Wednesday;False;False;False;False;True;True;13:30:00
315;2018-07-25;#LíneaA - Por obras en zona de vías: Servicio limitado entre las estaciones Perú y San Pedrito. 05:11;2018-07-25 08:12:01;1900-01-01 08:12:01;Wednesday;False;False;False;False;True;True;08:00:00
316;2018-07-24;#LíneaA - Por obras en zona de vías: Servicio limitado entre las estaciones Perú y San Pedrito. 05:05;2018-07-24 08:05:53;1900-01-01 08:05:53;Tuesday;False;False;False;False;True;True;08:00:00
317;2018-07-23;#LíneaA - Por obras en zona de vías: Servicio limitado entre las estaciones Perú y San Pedrito. 05:02;2018-07-23 08:03:44;1900-01-01 08:03:44;Monday;False;False;False;False;True;True;08:00:00
318;2018-07-22;#LíneaA - Por obras en zona de vías: Servicio limitado entre las estaciones Perú y San Pedrito. 07:42;2018-07-22 10:43:37;1900-01-01 10:43:37;Sunday;False;False;False;False;True;True;10:30:00
319;2018-07-21;#LíneaA - Por obras en zona de vías: Servicio limitado entre las estaciones Perú y San Pedrito. 05:32;2018-07-21 08:33:24;1900-01-01 08:33:24;Saturday;False;False;False;False;True;True;08:30:00
320;2018-07-20;#LíneaA - Por obras en zona de vías: Servicio limitado entre las estaciones Perú y San Pedrito. 04:54;2018-07-20 07:55:10;1900-01-01 07:55:10;Friday;False;False;False;False;True;True;07:30:00
321;2018-07-20;#LíneaA - Servicio interrumpido por medida de fuerza gremial. 21:06;2018-07-20 00:07:02;1900-01-01 00:07:02;Friday;False;True;False;True;False;True;00:00:00
322;2018-07-19;#LíneaA - Por obras en zona de vías: Servicio limitado entre las estaciones Perú y San Pedrito. 05:31;2018-07-19 08:32:36;1900-01-01 08:32:36;Thursday;False;False;False;False;True;True;08:30:00
323;2018-07-19;#LíneaA - Por obras en zona de vías: Servicio limitado entre las estaciones Perú y San Pedrito. 05:06;2018-07-19 08:07:35;1900-01-01 08:07:35;Thursday;False;False;False;False;True;True;08:00:00
324;2018-07-18;#LíneaA - Por obras en zona de vías: Servicio limitado entre las estaciones Perú y San Pedrito. 11:38;2018-07-18 14:39:30;1900-01-01 14:39:30;Wednesday;False;False;False;False;True;True;14:30:00
325;2018-07-18;#LíneaA - Ya circula con su frecuencia normal. 11:32;2018-07-18 14:33:29;1900-01-01 14:33:29;Wednesday;False;False;True;False;False;True;14:30:00
326;2018-07-18;@imblackieee @AgustinaFinoli Hola Karen buen día, desde el 9 de julio la #LíneaA presta un servicio limitado entre… https://t.co/dGAzZMWpbZ;2018-07-18 14:28:10;1900-01-01 14:28:10;Wednesday;False;False;False;False;True;True;14:15:00
327;2018-07-18;#LíneaA - Servicio limitado entre las estaciones Perú y San Pedrito con demora. 11:08;2018-07-18 14:09:28;1900-01-01 14:09:28;Wednesday;True;False;False;False;True;True;14:00:00
328;2018-07-18;#LíneaA - Por obras en zona de vías: Servicio limitado entre las estaciones Perú y San Pedrito. 05:14;2018-07-18 08:15:24;1900-01-01 08:15:24;Wednesday;False;False;False;False;True;True;08:15:00
329;2018-07-17;#LíneaA - Por obras en zona de vías: Servicio limitado entre las estaciones Perú y San Pedrito. 05:11;2018-07-17 08:12:07;1900-01-01 08:12:07;Tuesday;False;False;False;False;True;True;08:00:00
330;2018-07-16;#LíneaA - Por obras en zona de vías: Servicio limitado entre las estaciones Perú y San Pedrito. 05:18;2018-07-16 08:19:03;1900-01-01 08:19:03;Monday;False;False;False;False;True;True;08:15:00
331;2018-07-15;#LíneaA - Por obras en zona de vías: Servicio limitado entre las estaciones Perú y San Pedrito. 07:59;2018-07-15 10:59:58;1900-01-01 10:59:58;Sunday;False;False;False;False;True;True;10:30:00
332;2018-07-14;#LíneaA - Por obras en zona de vías: Servicio limitado entre las estaciones Perú y San Pedrito. 05:56;2018-07-14 08:56:48;1900-01-01 08:56:48;Saturday;False;False;False;False;True;True;08:30:00
333;2018-07-13;#LíneaA - Por obras en zona de vías: Servicio limitado entre las estaciones Perú y San Pedrito. 05:05;2018-07-13 08:06:39;1900-01-01 08:06:39;Friday;False;False;False;False;True;True;08:00:00
334;2018-07-12;#LíneaA - Por obras en zona de vías: Servicio limitado entre las estaciones Perú y San Pedrito. 16:07;2018-07-12 19:08:34;1900-01-01 19:08:34;Thursday;False;False;False;False;True;True;19:00:00
335;2018-07-12;#LíneaA - Servicio Limitado PERU y SAN PEDRITO por obras de renovación de vías. 15:44;2018-07-12 18:45:33;1900-01-01 18:45:33;Thursday;False;False;False;False;False;True;18:30:00
336;2018-07-12;#LíneaA - Por obras en zona de vías: Servicio limitado entre las estaciones Perú y San Pedrito. 05:14;2018-07-12 08:15:20;1900-01-01 08:15:20;Thursday;False;False;False;False;True;True;08:15:00
337;2018-07-11;#LíneaA - Por obras en zona de vías: Servicio limitado entre las estaciones Perú y San Pedrito. 05:01;2018-07-11 08:02:02;1900-01-01 08:02:02;Wednesday;False;False;False;False;True;True;08:00:00
338;2018-07-10;#LíneaA - Por obras en zona de vías: Servicio limitado entre las estaciones Perú y San Pedrito. 09:40;2018-07-10 12:40:51;1900-01-01 12:40:51;Tuesday;False;False;False;False;True;True;12:30:00
339;2018-07-10;#LíneaA - Por obras en zona de vías: Servicio limitado entre las estaciones Piedras y San Pedrito. 06:10;2018-07-10 09:10:48;1900-01-01 09:10:48;Tuesday;False;False;False;False;True;True;09:00:00
340;2018-07-10;#LíneaA - Por obras en zona de vías: Servicio limitado entre las estaciones Perú y San Pedrito. 05:06;2018-07-10 08:06:47;1900-01-01 08:06:47;Tuesday;False;False;False;False;True;True;08:00:00
341;2018-07-09;"¡Atención usuarios!.
Les informamos que por obras en zona de vías, desde hoy lunes 9 de julio la #LíneaA prestará u… https://t.co/1YUUNrYPAd";2018-07-09 19:27:02;1900-01-01 19:27:02;Monday;False;False;False;False;False;True;19:15:00
342;2018-07-09;#LíneaA - Por obras en zona de vías: Servicio limitado entre las estaciones Perú y San Pedrito. 07:58;2018-07-09 10:58:43;1900-01-01 10:58:43;Monday;False;False;False;False;True;True;10:30:00
343;2018-07-08;¡Atención usuarios!. Les informamos que por obras en zona de vías, desde mañana lunes 9 de julio la #LíneaA prestar… https://t.co/6rR4ov2GR7;2018-07-08 12:29:38;1900-01-01 12:29:38;Sunday;False;False;False;False;False;True;12:15:00
344;2018-07-08;#LíneaA - Por obras en zona de vías: Servicio limitado entre las estaciones Piedras y San Pedrito. 08:01;2018-07-08 11:01:37;1900-01-01 11:01:37;Sunday;False;False;False;False;True;True;11:00:00
345;2018-07-07;#LíneaA - Por obras en zona de vías: Servicio limitado entre las estaciones Piedras y San Pedrito. 05:58;2018-07-07 08:59:29;1900-01-01 08:59:29;Saturday;False;False;False;False;True;True;08:30:00
346;2018-07-05;¡Atención usuarios!. Les informamos que por obras en zona de vías, la #LíneaA prestará un servicio limitado este sá… https://t.co/uzDlzj0yRx;2018-07-05 17:47:46;1900-01-01 17:47:46;Thursday;False;False;False;False;True;True;17:30:00
347;2018-07-05;#LíneaA - Ya circula con su frecuencia normal. 08:27;2018-07-05 11:28:19;1900-01-01 11:28:19;Thursday;False;False;True;False;False;True;11:15:00
348;2018-07-05;#LíneaA - Circula con demora. 08:06;2018-07-05 11:07:17;1900-01-01 11:07:17;Thursday;True;False;False;False;False;True;11:00:00
349;2018-07-05;#LíneaA - Servicio con demora. 08:00;2018-07-05 11:01:17;1900-01-01 11:01:17;Thursday;True;False;False;False;False;True;11:00:00
350;2018-06-28;#LíneaA - Ya realiza su recorrido completo entre cabeceras. 20:27;2018-06-28 23:28:05;1900-01-01 23:28:05;Thursday;False;False;False;False;False;True;23:15:00
351;2018-06-28;#LíneaA - Servicio limitado entre las estaciones San Pedrito y Río de Janeiro. 19:41;2018-06-28 22:42:04;1900-01-01 22:42:04;Thursday;False;False;False;False;True;True;22:30:00
352;2018-06-28;#LíneaA - Servicio interrumpido. 19:25;2018-06-28 22:26:03;1900-01-01 22:26:03;Thursday;False;True;False;False;False;True;22:15:00
353;2018-06-28;#LíneaA - Servicio interrumpido. 19:25;2018-06-28 22:26:03;1900-01-01 22:26:03;Thursday;False;True;False;False;False;True;22:15:00
354;2018-06-24;#LíneaA - Servicio Interrumpido Por obras de renovación de vías. 19:31;2018-06-24 22:32:05;1900-01-01 22:32:05;Sunday;False;False;False;False;False;True;22:30:00
355;2018-06-24;Con motivo del cronograma especial por obras de renovación de vías, hoy la #LíneaA finalizará su servicio a las 19:… https://t.co/b7rR5uCKOY;2018-06-24 14:02:11;1900-01-01 14:02:11;Sunday;False;False;False;False;False;True;14:00:00
356;2018-06-24;#LíneaA - Servicio Limitado PERU y SAN PEDRITO Por obras de renovación de vías. 07:56;2018-06-24 10:56:59;1900-01-01 10:56:59;Sunday;False;False;False;False;False;True;10:30:00
357;2018-06-21;#LíneaA - Ya circula con su frecuencia normal. 09:33;2018-06-21 12:34:21;1900-01-01 12:34:21;Thursday;False;False;True;False;False;True;12:30:00
358;2018-06-21;#LíneaA - Circula con demora. 09:20;2018-06-21 12:21:20;1900-01-01 12:21:20;Thursday;True;False;False;False;False;True;12:15:00
359;2018-06-15;#LíneaA - Ya circula con su frecuencia normal. 18:32;2018-06-15 21:32:32;1900-01-01 21:32:32;Friday;False;False;True;False;False;True;21:30:00
360;2018-06-15;#LíneaA - Servicio con demora. 18:12;2018-06-15 21:12:31;1900-01-01 21:12:31;Friday;True;False;False;False;False;True;21:00:00
361;2018-06-14;#LíneaA - Servicio interrumpido por medida de fuerza gremial. 20:06;2018-06-14 23:07:11;1900-01-01 23:07:11;Thursday;False;True;False;True;False;True;23:00:00
362;2018-06-14;#LíneaA - Los trenes ya se detienen en todas las estaciones. 13:01;2018-06-14 16:02:02;1900-01-01 16:02:02;Thursday;False;False;False;False;False;True;16:00:00
363;2018-06-14;@Arceloreana @subteba @basubte Hola Lori buen día, la #LíneaA no se detiene en estación Congreso por manifestación… https://t.co/RskQARfWyP;2018-06-14 12:51:19;1900-01-01 12:51:19;Thursday;False;False;False;False;False;True;12:30:00
364;2018-06-14;#LíneaA - Los trenes no se detienen en Congreso por un operativo de seguridad en la vía pública. 05:14;2018-06-14 08:14:53;1900-01-01 08:14:53;Thursday;False;False;False;False;False;True;08:00:00
365;2018-06-13;#LíneaA - Los trenes no se detienen en Congreso por un operativo de seguridad en la vía pública. 05:03;2018-06-13 08:03:24;1900-01-01 08:03:24;Wednesday;False;False;False;False;False;True;08:00:00
366;2018-06-08;#LíneaA - Ya circula con su frecuencia normal. 12:35;2018-06-08 15:36:08;1900-01-01 15:36:08;Friday;False;False;True;False;False;True;15:30:00
367;2018-06-08;#LíneaA - Circula con demora. 11:45;2018-06-08 14:46:07;1900-01-01 14:46:07;Friday;True;False;False;False;False;True;14:30:00
368;2018-05-31;#LíneaA - Ya circula con su frecuencia normal. 13:24;2018-05-31 16:24:17;1900-01-01 16:24:17;Thursday;False;False;True;False;False;True;16:15:00
369;2018-05-31;#LíneaA - Circula con demora. 13:18;2018-05-31 16:18:16;1900-01-01 16:18:16;Thursday;True;False;False;False;False;True;16:15:00
370;2018-05-25;#LíneaA - Ya realiza su recorrido completo entre cabeceras. 12:31;2018-05-25 15:31:10;1900-01-01 15:31:10;Friday;False;False;False;False;False;True;15:30:00
371;2018-05-25;#LíneaA - Servicio limitado entre las estaciones Perú y San Pedrito. 07:55;2018-05-25 10:55:07;1900-01-01 10:55:07;Friday;False;False;False;False;True;True;10:30:00
372;2018-05-24;#LíneaA - Los trenes ya se detienen en todas las estaciones. 14:32;2018-05-24 17:32:55;1900-01-01 17:32:55;Thursday;False;False;False;False;False;True;17:30:00
373;2018-05-24;#LíneaA - Los trenes no se detienen en Alberti. 14:13;2018-05-24 17:13:54;1900-01-01 17:13:54;Thursday;False;False;False;False;False;True;17:00:00
374;2018-05-23;@GonTraveler Hola Gonzalo, te contamos que todas las estaciones de la #LíneaA están abiertas y operando.;2018-05-23 21:06:00;1900-01-01 21:06:00;Wednesday;False;False;False;False;False;True;21:00:00
375;2018-05-22;#LíneaA - Servicio interrumpido por medida de fuerza gremial. 12:12;2018-05-22 15:12:50;1900-01-01 15:12:50;Tuesday;False;True;False;True;False;True;15:00:00
376;2018-05-20;#LíneaA - Por obras de mejora: Servicio limitado entre las estaciones Perú y San Pedrito. 07:50;2018-05-20 10:50:06;1900-01-01 10:50:06;Sunday;False;False;False;False;True;True;10:30:00
377;2018-05-18;#LíneaA - Ya circula con su frecuencia normal. 13:46;2018-05-18 16:46:39;1900-01-01 16:46:39;Friday;False;False;True;False;False;True;16:30:00
378;2018-05-18;#LíneaA - Circula con demora. 13:18;2018-05-18 16:18:38;1900-01-01 16:18:38;Friday;True;False;False;False;False;True;16:15:00
379;2018-05-17;#LíneaA - Ya circula con su frecuencia normal. 08:39;2018-05-17 11:39:09;1900-01-01 11:39:09;Thursday;False;False;True;False;False;True;11:30:00
380;2018-05-17;#LíneaA - Reanuda su servicio y realiza el recorrido completo entre cabeceras con demoras. 08:20;2018-05-17 11:22:23;1900-01-01 11:22:23;Thursday;True;False;False;False;False;True;11:15:00
381;2018-05-17;#LíneaA - Servicio interrumpido. 08:13;2018-05-17 11:13:04;1900-01-01 11:13:04;Thursday;False;True;False;False;False;True;11:00:00
382;2018-05-17;#LíneaA - Circula con demora. 08:11;2018-05-17 11:11:04;1900-01-01 11:11:04;Thursday;True;False;False;False;False;True;11:00:00
383;2018-05-17;#LíneaA - Ya realiza su recorrido completo entre cabeceras. 08:07;2018-05-17 11:07:03;1900-01-01 11:07:03;Thursday;False;False;False;False;False;True;11:00:00
384;2018-05-17;#LíneaA - Servicio interrumpido. 07:55;2018-05-17 10:55:02;1900-01-01 10:55:02;Thursday;False;True;False;False;False;True;10:30:00
385;2018-05-16;#LíneaA - Reanuda su servicio y realiza el recorrido completo entre cabeceras. 12:02;2018-05-16 15:02:48;1900-01-01 15:02:48;Wednesday;False;False;False;False;False;True;15:00:00
386;2018-05-16;#LíneaA - Servicio interrumpido por medida de fuerza gremial. 05:12;2018-05-16 08:12:42;1900-01-01 08:12:42;Wednesday;False;True;False;True;False;True;08:00:00
387;2018-05-14;#LíneaA - Ya circula con su frecuencia normal. 14:45;2018-05-14 17:45:25;1900-01-01 17:45:25;Monday;False;False;True;False;False;True;17:30:00
388;2018-05-14;#LíneaA - Circula con demora. 14:34;2018-05-14 17:34:24;1900-01-01 17:34:24;Monday;True;False;False;False;False;True;17:30:00
389;2018-05-14;#LíneaA - Ya circula con su frecuencia normal. 09:52;2018-05-14 12:52:20;1900-01-01 12:52:20;Monday;False;False;True;False;False;True;12:30:00
390;2018-05-14;#LíneaA - Circula con demora. 09:08;2018-05-14 12:08:18;1900-01-01 12:08:18;Monday;True;False;False;False;False;True;12:00:00
391;2018-05-11;#LíneaA - Los trenes ya se detienen en todas las estaciones. 07:56;2018-05-11 10:56:49;1900-01-01 10:56:49;Friday;False;False;False;False;False;True;10:30:00
392;2018-05-11;#LíneaA - Los trenes no se detienen en Plaza Miserere. 07:04;2018-05-11 10:04:48;1900-01-01 10:04:48;Friday;False;False;False;False;False;True;10:00:00
393;2018-05-11;#LíneaA - Servicio limitado entre las estaciones San Pedrito y Río de Janeiro. 04:58;2018-05-11 07:58:45;1900-01-01 07:58:45;Friday;False;False;False;False;True;True;07:30:00
394;2018-05-07;#LíneaA - Servicio interrumpido por medida de fuerza gremial. 20:34;2018-05-07 23:34:43;1900-01-01 23:34:43;Monday;False;True;False;True;False;True;23:30:00
395;2018-05-07;#LíneaA - Ya realiza su recorrido completo entre cabeceras. 14:51;2018-05-07 17:52:41;1900-01-01 17:52:41;Monday;False;False;False;False;False;True;17:30:00
396;2018-05-07;#LíneaA - Servicio Limitado entre las estaciones Flores y Plaza de Mayo. 14:04;2018-05-07 17:05:39;1900-01-01 17:05:39;Monday;False;False;False;False;False;True;17:00:00
397;2018-05-07;#LíneaA - Servicio interrumpido. 13:57;2018-05-07 16:58:37;1900-01-01 16:58:37;Monday;False;True;False;False;False;True;16:30:00
398;2018-05-05;#LíneaA - Servicio limitado entre las estaciones Perú y San Pedrito. 13:57;2018-05-05 16:58:19;1900-01-01 16:58:19;Saturday;False;False;False;False;True;True;16:30:00
399;2018-05-05;#LíneaA - Ya realiza su recorrido completo entre cabeceras. 10:00;2018-05-05 13:01:17;1900-01-01 13:01:17;Saturday;False;False;False;False;False;True;13:00:00
400;2018-05-05;#LíneaA - Servicio limitado entre las estaciones Carabobo y Plaza de Mayo. 09:49;2018-05-05 12:50:16;1900-01-01 12:50:16;Saturday;False;False;False;False;True;True;12:30:00
401;2018-05-03;@soclula Hola, no se registran demoras enn la #LíneaA en este momento. Saludos;2018-05-03 11:35:18;1900-01-01 11:35:18;Thursday;True;False;False;False;False;True;11:30:00
402;2018-05-01;#LíneaA - Los trenes no se detienen en Flores. 09:05;2018-05-01 12:06:32;1900-01-01 12:06:32;Tuesday;False;False;False;False;False;True;12:00:00
403;2018-04-30;#LíneaA - Servicio limitado entre las estaciones San Pedrito y Río de Janeiro. 06:45;2018-04-30 09:46:18;1900-01-01 09:46:18;Monday;False;False;False;False;True;True;09:30:00
404;2018-04-30;#LíneaA - Circula con servicio limitado entre las estaciones Loria - Plaza de Mayo y Río de Janeiro - San Pedrito. 06:08;2018-04-30 09:09:16;1900-01-01 09:09:16;Monday;False;False;False;False;True;True;09:00:00
405;2018-04-24;@soclula Hola, la #LíneaA no registra eventualidades esta mañana. Podrías indicarnos por DM el sentido en el qie estas viajando? Saludos;2018-04-24 11:49:00;1900-01-01 11:49:00;Tuesday;False;False;False;False;False;True;11:30:00
406;2018-04-17;#LíneaA - Reanuda su servicio y realiza el recorrido completo entre cabeceras. 07:32;2018-04-17 10:33:33;1900-01-01 10:33:33;Tuesday;False;False;False;False;False;True;10:30:00
407;2018-04-17;#LíneaA - Servicio interrumpido por medida de fuerza gremial. 05:24;2018-04-17 08:25:30;1900-01-01 08:25:30;Tuesday;False;True;False;True;False;True;08:15:00
